{
  "powL": 3.9247,
  "aG": 0.1972,
  "bB": 0.9691,
  "sigmaR": 15.0467,
  "sigmaG": 7.52335,
  "sigmaB": 2.257005,
  "gainB": 0.0,
  "kW": 0.3,
  "kC": 0.2,
  "gainR": 1.7548339259703556,
  "gainG": 0.0
}