{
  "powL": 3.924689741879156,
  "kW": 1.002783633854052,
  "kC": 0.8859750857191186,
  "aG": 0.19724760842765748,
  "bB": 0.9691307005998837,
  "gainR": 1.2380295081787622,
  "gainG": 0.0957724845404565,
  "sigmaR": 15.04669421013422,
  "gainB": 0.0,
  "sigmaG": 7.52334710506711,
  "sigmaB": 2.257004131520133,
  "sigmaIn": 4.0,
  "gainRIn": 0.05,
  "gainGIn": 0.02
}