{
 "ev": -1.1481876827163142,
 "black": 0.015612990138582755,
 "gr": 0.9490904404942481,
 "gb": 1.0749856670535887,
 "loss": 0.05364054069646973
}