{
 "ev_a": -0.8185116097560887,
 "ev_b": -0.17320429008303745,
 "gb_a": 1.0713676551682068,
 "gb_b": -0.0213599352609894,
 "gr": 0.9708720857222238,
 "black_a": 0.03972263626814101,
 "black_b": -0.0071358023707429555
}